<?xml version="1.0"?>
<operations>
	<operation type="CREATE_TABLE">
		<table>
			<name>calcalendar</name>
			<type>0</type>
			<dbfields>
				<dbfield>
					<name>id</name>
					<type>3</type>
					<size>11</size>
					<scale>0</scale>
					<typeName>int</typeName>
					<defaultValue></defaultValue>
					<nullable>0</nullable>
					<autoInc>1</autoInc>
					<charset></charset>
				</dbfield>
				<dbfield>
					<name>DateField</name>
					<type>7</type>
					<size>0</size>
					<scale>0</scale>
					<typeName>date</typeName>
					<defaultValue></defaultValue>
					<nullable>1</nullable>
					<autoInc>0</autoInc>
					<charset></charset>
				</dbfield>
				<dbfield>
					<name>Description</name>
					<type>201</type>
					<size>0</size>
					<scale>0</scale>
					<typeName>text</typeName>
					<defaultValue></defaultValue>
					<nullable>1</nullable>
					<autoInc>0</autoInc>
					<charset></charset>
				</dbfield>
				<dbfield>
					<name>Subject</name>
					<type>200</type>
					<size>200</size>
					<scale>0</scale>
					<typeName>varchar</typeName>
					<defaultValue></defaultValue>
					<nullable>1</nullable>
					<autoInc>0</autoInc>
					<charset></charset>
				</dbfield>
				<dbfield>
					<name>TimeField</name>
					<type>200</type>
					<size>15</size>
					<scale>0</scale>
					<typeName>varchar</typeName>
					<defaultValue></defaultValue>
					<nullable>1</nullable>
					<autoInc>0</autoInc>
					<charset></charset>
				</dbfield>
				<dbfield>
					<name>EndTime</name>
					<type>200</type>
					<size>15</size>
					<scale>0</scale>
					<typeName>varchar</typeName>
					<defaultValue></defaultValue>
					<nullable>1</nullable>
					<autoInc>0</autoInc>
					<charset></charset>
				</dbfield>
				<dbfield>
					<name>DayEvent</name>
					<type>3</type>
					<size>11</size>
					<scale>0</scale>
					<typeName>int</typeName>
					<defaultValue></defaultValue>
					<nullable>1</nullable>
					<autoInc>0</autoInc>
					<charset></charset>
				</dbfield>
				<dbfield>
					<name>EndDate</name>
					<type>7</type>
					<size>0</size>
					<scale>0</scale>
					<typeName>date</typeName>
					<defaultValue></defaultValue>
					<nullable>1</nullable>
					<autoInc>0</autoInc>
					<charset></charset>
				</dbfield>
				<dbfield>
					<name>Period</name>
					<type>200</type>
					<size>255</size>
					<scale>0</scale>
					<typeName>varchar</typeName>
					<defaultValue></defaultValue>
					<nullable>1</nullable>
					<autoInc>0</autoInc>
					<charset></charset>
				</dbfield>
				<dbfield>
					<name>PeriodDays</name>
					<type>200</type>
					<size>255</size>
					<scale>0</scale>
					<typeName>varchar</typeName>
					<defaultValue></defaultValue>
					<nullable>1</nullable>
					<autoInc>0</autoInc>
					<charset></charset>
				</dbfield>
				<dbfield>
					<name>Recurrence</name>
					<type>3</type>
					<size>11</size>
					<scale>0</scale>
					<typeName>int</typeName>
					<defaultValue></defaultValue>
					<nullable>1</nullable>
					<autoInc>0</autoInc>
					<charset></charset>
				</dbfield>
				<dbfield>
					<name>Category</name>
					<type>3</type>
					<size>11</size>
					<scale>0</scale>
					<typeName>int</typeName>
					<defaultValue></defaultValue>
					<nullable>1</nullable>
					<autoInc>0</autoInc>
					<charset></charset>
				</dbfield>
				<dbfield>
					<name>OwnerID</name>
					<type>200</type>
					<size>50</size>
					<scale>0</scale>
					<typeName>varchar</typeName>
					<defaultValue></defaultValue>
					<nullable>1</nullable>
					<autoInc>0</autoInc>
					<charset></charset>
				</dbfield>
			</dbfields>
			<dbkeys>
				<dbkey>id</dbkey>
			</dbkeys>
			<dbfkeys />
			<pbclean>0</pbclean>
		</table>
	</operation>
	<operation type="CREATE_TABLE">
		<table>
			<name>calcategory</name>
			<type>0</type>
			<dbfields>
				<dbfield>
					<name>id</name>
					<type>3</type>
					<size>11</size>
					<scale>0</scale>
					<typeName>int</typeName>
					<defaultValue></defaultValue>
					<nullable>0</nullable>
					<autoInc>1</autoInc>
					<charset></charset>
				</dbfield>
				<dbfield>
					<name>Category</name>
					<type>200</type>
					<size>50</size>
					<scale>0</scale>
					<typeName>varchar</typeName>
					<defaultValue></defaultValue>
					<nullable>1</nullable>
					<autoInc>0</autoInc>
					<charset></charset>
				</dbfield>
				<dbfield>
					<name>Color</name>
					<type>200</type>
					<size>255</size>
					<scale>0</scale>
					<typeName>varchar</typeName>
					<defaultValue></defaultValue>
					<nullable>1</nullable>
					<autoInc>0</autoInc>
					<charset></charset>
				</dbfield>
			</dbfields>
			<dbkeys>
				<dbkey>id</dbkey>
			</dbkeys>
			<dbfkeys />
			<pbclean>0</pbclean>
		</table>
	</operation>
	<operation type="INSERT_RECORD">
		<tablename>calcategory</tablename>
		<records>
			<names>
				<colname>id</colname>
				<colname>Category</colname>
				<colname>Color</colname>
			</names>
			<types>
				<coltype>3</coltype>
				<coltype>200</coltype>
				<coltype>200</coltype>
			</types>
			<data>
				<record>
					<value>1</value>
					<value>test</value>
					<value>#FFCC99</value>
				</record>
			</data>
		</records>
	</operation>
	<operation type="CREATE_TABLE">
		<table>
			<name>calglobals</name>
			<type>0</type>
			<dbfields>
				<dbfield>
					<name>id</name>
					<type>3</type>
					<size>11</size>
					<scale>0</scale>
					<typeName>int</typeName>
					<defaultValue></defaultValue>
					<nullable>0</nullable>
					<autoInc>1</autoInc>
					<charset></charset>
				</dbfield>
				<dbfield>
					<name>TimePeriod</name>
					<type>3</type>
					<size>10</size>
					<scale>0</scale>
					<typeName>int</typeName>
					<defaultValue></defaultValue>
					<nullable>1</nullable>
					<autoInc>0</autoInc>
					<charset></charset>
				</dbfield>
				<dbfield>
					<name>FirstDayOfWeek</name>
					<type>3</type>
					<size>11</size>
					<scale>0</scale>
					<typeName>int</typeName>
					<defaultValue></defaultValue>
					<nullable>0</nullable>
					<autoInc>0</autoInc>
					<charset></charset>
				</dbfield>
				<dbfield>
					<name>EditInPast</name>
					<type>3</type>
					<size>11</size>
					<scale>0</scale>
					<typeName>int</typeName>
					<defaultValue></defaultValue>
					<nullable>0</nullable>
					<autoInc>0</autoInc>
					<charset></charset>
				</dbfield>
				<dbfield>
					<name>DefaultColor</name>
					<type>200</type>
					<size>200</size>
					<scale>0</scale>
					<typeName>varchar</typeName>
					<defaultValue>#FFFFFF</defaultValue>
					<nullable>0</nullable>
					<autoInc>0</autoInc>
					<charset></charset>
				</dbfield>
				<dbfield>
					<name>HolidayColor</name>
					<type>200</type>
					<size>200</size>
					<scale>0</scale>
					<typeName>varchar</typeName>
					<defaultValue>#EDDFDF</defaultValue>
					<nullable>0</nullable>
					<autoInc>0</autoInc>
					<charset></charset>
				</dbfield>
				<dbfield>
					<name>WeekEndColor</name>
					<type>200</type>
					<size>200</size>
					<scale>0</scale>
					<typeName>varchar</typeName>
					<defaultValue>#FEF6F6</defaultValue>
					<nullable>0</nullable>
					<autoInc>0</autoInc>
					<charset></charset>
				</dbfield>
				<dbfield>
					<name>RangedColor</name>
					<type>200</type>
					<size>200</size>
					<scale>0</scale>
					<typeName>varchar</typeName>
					<defaultValue>#9FC6E7</defaultValue>
					<nullable>0</nullable>
					<autoInc>0</autoInc>
					<charset></charset>
				</dbfield>
				<dbfield>
					<name>SubjectLength</name>
					<type>3</type>
					<size>11</size>
					<scale>0</scale>
					<typeName>int</typeName>
					<defaultValue></defaultValue>
					<nullable>0</nullable>
					<autoInc>0</autoInc>
					<charset></charset>
				</dbfield>
				<dbfield>
					<name>DescriptionLength</name>
					<type>3</type>
					<size>11</size>
					<scale>0</scale>
					<typeName>int</typeName>
					<defaultValue></defaultValue>
					<nullable>0</nullable>
					<autoInc>0</autoInc>
					<charset></charset>
				</dbfield>
				<dbfield>
					<name>CountEvents</name>
					<type>3</type>
					<size>11</size>
					<scale>0</scale>
					<typeName>int</typeName>
					<defaultValue></defaultValue>
					<nullable>0</nullable>
					<autoInc>0</autoInc>
					<charset></charset>
				</dbfield>
			</dbfields>
			<dbkeys>
				<dbkey>id</dbkey>
			</dbkeys>
			<dbfkeys />
			<pbclean>0</pbclean>
		</table>
	</operation>
	<operation type="INSERT_RECORD">
		<tablename>calglobals</tablename>
		<records>
			<names>
				<colname>id</colname>
				<colname>TimePeriod</colname>
				<colname>FirstDayOfWeek</colname>
				<colname>EditInPast</colname>
				<colname>DefaultColor</colname>
				<colname>HolidayColor</colname>
				<colname>WeekEndColor</colname>
				<colname>RangedColor</colname>
				<colname>SubjectLength</colname>
				<colname>DescriptionLength</colname>
				<colname>CountEvents</colname>
			</names>
			<types>
				<coltype>3</coltype>
				<coltype>3</coltype>
				<coltype>3</coltype>
				<coltype>3</coltype>
				<coltype>200</coltype>
				<coltype>200</coltype>
				<coltype>200</coltype>
				<coltype>200</coltype>
				<coltype>3</coltype>
				<coltype>3</coltype>
				<coltype>3</coltype>
			</types>
			<data>
				<record>
					<value>1</value>
					<value>30</value>
					<value>1</value>
					<value>1</value>
					<value>#FFFFFF</value>
					<value>#FEF6F6</value>
					<value>#EDDFDF</value>
					<value>#9FC6E7</value>
					<value>50</value>
					<value>100</value>
					<value>3</value>
				</record>
			</data>
		</records>
	</operation>
	<operation type="CREATE_TABLE">
		<table>
			<name>calholidays</name>
			<type>0</type>
			<dbfields>
				<dbfield>
					<name>id</name>
					<type>3</type>
					<size>11</size>
					<scale>0</scale>
					<typeName>int</typeName>
					<defaultValue></defaultValue>
					<nullable>0</nullable>
					<autoInc>1</autoInc>
					<charset></charset>
				</dbfield>
				<dbfield>
					<name>name</name>
					<type>200</type>
					<size>200</size>
					<scale>0</scale>
					<typeName>varchar</typeName>
					<defaultValue></defaultValue>
					<nullable>1</nullable>
					<autoInc>0</autoInc>
					<charset></charset>
				</dbfield>
				<dbfield>
					<name>date</name>
					<type>7</type>
					<size>0</size>
					<scale>0</scale>
					<typeName>date</typeName>
					<defaultValue></defaultValue>
					<nullable>0</nullable>
					<autoInc>0</autoInc>
					<charset></charset>
				</dbfield>
			</dbfields>
			<dbkeys>
				<dbkey>id</dbkey>
			</dbkeys>
			<dbfkeys />
			<pbclean>0</pbclean>
		</table>
	</operation>
	<operation type="CREATE_TABLE">
		<table>
			<name>calperiod</name>
			<type>0</type>
			<dbfields>
				<dbfield>
					<name>id</name>
					<type>3</type>
					<size>11</size>
					<scale>0</scale>
					<typeName>int</typeName>
					<defaultValue></defaultValue>
					<nullable>0</nullable>
					<autoInc>1</autoInc>
					<charset></charset>
				</dbfield>
				<dbfield>
					<name>Period</name>
					<type>200</type>
					<size>255</size>
					<scale>0</scale>
					<typeName>varchar</typeName>
					<defaultValue></defaultValue>
					<nullable>1</nullable>
					<autoInc>0</autoInc>
					<charset></charset>
				</dbfield>
				<dbfield>
					<name>ValueField</name>
					<type>200</type>
					<size>5</size>
					<scale>0</scale>
					<typeName>varchar</typeName>
					<defaultValue></defaultValue>
					<nullable>1</nullable>
					<autoInc>0</autoInc>
					<charset></charset>
				</dbfield>
			</dbfields>
			<dbkeys>
				<dbkey>id</dbkey>
			</dbkeys>
			<dbfkeys />
			<pbclean>0</pbclean>
		</table>
	</operation>
	<operation type="INSERT_RECORD">
		<tablename>calperiod</tablename>
		<records>
			<names>
				<colname>id</colname>
				<colname>Period</colname>
				<colname>ValueField</colname>
			</names>
			<types>
				<coltype>3</coltype>
				<coltype>200</coltype>
				<coltype>200</coltype>
			</types>
			<data>
				<record>
					<value>1</value>
					<value>Daily</value>
					<value>d</value>
				</record>
				<record>
					<value>2</value>
					<value>Weekly</value>
					<value>ww</value>
				</record>
				<record>
					<value>3</value>
					<value>Monthly</value>
					<value>m</value>
				</record>
				<record>
					<value>4</value>
					<value>Yearly</value>
					<value>yyyy</value>
				</record>
			</data>
		</records>
	</operation>
	<operation type="CREATE_TABLE">
		<table>
			<name>calusers</name>
			<type>0</type>
			<dbfields>
				<dbfield>
					<name>id</name>
					<type>3</type>
					<size>11</size>
					<scale>0</scale>
					<typeName>int</typeName>
					<defaultValue></defaultValue>
					<nullable>0</nullable>
					<autoInc>1</autoInc>
					<charset></charset>
				</dbfield>
				<dbfield>
					<name>username</name>
					<type>200</type>
					<size>50</size>
					<scale>0</scale>
					<typeName>varchar</typeName>
					<defaultValue></defaultValue>
					<nullable>1</nullable>
					<autoInc>0</autoInc>
					<charset></charset>
				</dbfield>
				<dbfield>
					<name>password</name>
					<type>200</type>
					<size>50</size>
					<scale>0</scale>
					<typeName>varchar</typeName>
					<defaultValue></defaultValue>
					<nullable>1</nullable>
					<autoInc>0</autoInc>
					<charset></charset>
				</dbfield>
			</dbfields>
			<dbkeys>
				<dbkey>id</dbkey>
			</dbkeys>
			<dbfkeys />
			<pbclean>0</pbclean>
		</table>
	</operation>
	<operation type="INSERT_RECORD">
		<tablename>calusers</tablename>
		<records>
			<names>
				<colname>id</colname>
				<colname>username</colname>
				<colname>password</colname>
			</names>
			<types>
				<coltype>3</coltype>
				<coltype>200</coltype>
				<coltype>200</coltype>
			</types>
			<data>
				<record>
					<value>1</value>
					<value>admin</value>
					<value>admin</value>
				</record>
			</data>
		</records>
	</operation>
	<operation type="CREATE_TABLE">
		<table>
			<name>calfirstday</name>
			<type>0</type>
			<dbfields>
				<dbfield>
					<name>id</name>
					<type>3</type>
					<size>11</size>
					<scale>0</scale>
					<typeName>int</typeName>
					<defaultValue></defaultValue>
					<nullable>0</nullable>
					<autoInc>1</autoInc>
					<charset></charset>
				</dbfield>
				<dbfield>
					<name>dayvalue</name>
					<type>3</type>
					<size>10</size>
					<scale>0</scale>
					<typeName>int</typeName>
					<defaultValue></defaultValue>
					<nullable>1</nullable>
					<autoInc>0</autoInc>
					<charset></charset>
				</dbfield>
				<dbfield>
					<name>dayname</name>
					<type>200</type>
					<size>50</size>
					<scale>0</scale>
					<typeName>varchar</typeName>
					<defaultValue></defaultValue>
					<nullable>1</nullable>
					<autoInc>0</autoInc>
					<charset></charset>
				</dbfield>
			</dbfields>
			<dbkeys>
				<dbkey>id</dbkey>
			</dbkeys>
			<dbfkeys />
			<pbclean>0</pbclean>
		</table>
	</operation>
	<operation type="INSERT_RECORD">
		<tablename>calfirstday</tablename>
		<records>
			<names>
				<colname>id</colname>
				<colname>dayvalue</colname>
				<colname>dayname</colname>
			</names>
			<types>
				<coltype>3</coltype>
				<coltype>3</coltype>
				<coltype>200</coltype>
			</types>
			<data>
				<record>
					<value>1</value>
					<value>0</value>
					<value>Sunday</value>
				</record>
				<record>
					<value>2</value>
					<value>1</value>
					<value>Monday</value>
				</record>
			</data>
		</records>
	</operation>
	<operation type="CREATE_TABLE">
		<table>
			<name>calweekdays</name>
			<type>0</type>
			<dbfields>
				<dbfield>
					<name>id</name>
					<type>3</type>
					<size>11</size>
					<scale>0</scale>
					<typeName>int</typeName>
					<defaultValue></defaultValue>
					<nullable>0</nullable>
					<autoInc>1</autoInc>
					<charset></charset>
				</dbfield>
				<dbfield>
					<name>daynum</name>
					<type>3</type>
					<size>11</size>
					<scale>0</scale>
					<typeName>int</typeName>
					<defaultValue></defaultValue>
					<nullable>1</nullable>
					<autoInc>0</autoInc>
					<charset></charset>
				</dbfield>
				<dbfield>
					<name>dayname</name>
					<type>200</type>
					<size>255</size>
					<scale>0</scale>
					<typeName>varchar</typeName>
					<defaultValue></defaultValue>
					<nullable>1</nullable>
					<autoInc>0</autoInc>
					<charset></charset>
				</dbfield>
			</dbfields>
			<dbkeys>
				<dbkey>id</dbkey>
			</dbkeys>
			<dbfkeys />
			<pbclean>0</pbclean>
		</table>
	</operation>
</operations>
