<?xml version="1.0"?>
<root>
	<brick>
		<name>add_css</name>
		<orientation>h</orientation>
		<file>add_css</file>
		<table>calmonthly</table>
		<page>list</page>
	</brick>
	<brick>
		<name>add_css</name>
		<orientation>h</orientation>
		<file>add_css</file>
		<table>calweekly</table>
		<page>list</page>
	</brick>
	<brick>
		<name>add_css</name>
		<orientation>h</orientation>
		<file>add_css</file>
		<table>calyearly</table>
		<page>list</page>
	</brick>
	<brick>
		<name>add_css</name>
		<orientation>h</orientation>
		<file>add_css</file>
		<table>calcalendar</table>
		<page>list</page>
	</brick>
	<brick>
		<name>add_css</name>
		<orientation>h</orientation>
		<file>add_css</file>
		<table>caldaily</table>
		<page>list</page>
	</brick>
	<brick>
		<name>toplinks_print</name>
		<orientation></orientation>
		<file>calmonthly_toplinks_print</file>
		<plexpr>@TABLE.bPrinterFriendly</plexpr>
		<xtname>prints_block</xtname>
	</brick>
	<brick>
		<name>search</name>
		<orientation>h</orientation>
		<file>calcalendar_search_horizontal</file>
		<plexpr>@TABLE.arrFieldObj[bAdvancedSearch].len || @TABLE.strDataSourceTable="admin_admembers"</plexpr>
		<xtname>searchform_block</xtname>
		<table>calcalendar</table>
		<page>list</page>
	</brick>
	<brick>
		<name>search_buttons</name>
		<orientation>h</orientation>
		<file>calcalendar_search_buttons_horizontal</file>
		<plexpr>!@TABLE.bFlexibleSearch &&  Fields[bSearch=1].len || @TABLE.bFlexibleSearch && Fields[bAdvancedSearch=1 || bSearch=1].len</plexpr>
		<xtname>searchformbuttons_block</xtname>
		<table>calcalendar</table>
		<page>list</page>
	</brick>
	<brick>
		<name>grid</name>
		<orientation></orientation>
		<version>2</version>
		<file>newgrid</file>
		<plexpr></plexpr>
		<xtname>grid_block</xtname>
		<noWrapper>true</noWrapper>
		<wordWrap>true</wordWrap>
		<table>calcalendar</table>
		<page>list</page>
		<parameters>
			<parameter>
				<name>columns</name>
				<default>newgrid_vertical5.htm</default>
			</parameter>
			<parameter>
				<name>hgrid</name>
				<default>newgrid_horizontal.htm</default>
			</parameter>
			<parameter>
				<name>gridheader_horizontal</name>
				<default>newgridheader_h.htm</default>
			</parameter>
			<parameter>
				<name>gridfooter_horizontal</name>
				<default>newgridfooter_h.htm</default>
			</parameter>
			<parameter>
				<name>gridrow_horizontal</name>
				<default>calcalendar_gridrow_h.htm</default>
			</parameter>
			<parameter>
				<name>gridfieldsheader_horizontal</name>
				<default>newgridfieldsheader_h.htm</default>
			</parameter>
			<parameter>
				<name>gridcolumnheader_horizontal</name>
				<default>newgridcolumnheader_h.htm</default>
			</parameter>
			<parameter>
				<name>gridfieldsfooter_horizontal</name>
				<default>newgridfieldsfooter_h.htm</default>
			</parameter>
			<parameter>
				<name>gridcolumnfooter_horizontal</name>
				<default>newgridcolumnfooter_h.htm</default>
			</parameter>
			<parameter>
				<name>gridfieldsfooter2_horizontal</name>
				<default>newgridfieldsfooter2_h.htm</default>
			</parameter>
			<parameter>
				<name>gridfieldsrow_horizontal</name>
				<default>newgridfieldsrow_h.htm</default>
			</parameter>
			<parameter>
				<name>gridcolumnrow_horizontal</name>
				<default>calcalendar_gridcolumnrow_h.htm</default>
			</parameter>
			<parameter>
				<name>vgrid</name>
				<default>newgrid_vertical.htm</default>
			</parameter>
			<parameter>
				<name>gridfieldsrow_vertical</name>
				<default>newgridfieldsrow_v.htm</default>
			</parameter>
			<parameter>
				<name>gridcolumnrow_vertical</name>
				<default>newgridcolumnrow_v.htm</default>
			</parameter>
		</parameters>
	</brick>
	<brick>
		<name>grid</name>
		<orientation></orientation>
		<version>2</version>
		<file>newgrid</file>
		<plexpr></plexpr>
		<xtname>grid_block</xtname>
		<noWrapper>true</noWrapper>
		<wordWrap>true</wordWrap>
		<table>calcategory</table>
		<page>list</page>
		<parameters>
			<parameter>
				<name>columns</name>
				<default>newgrid_vertical5.htm</default>
			</parameter>
			<parameter>
				<name>hgrid</name>
				<default>newgrid_horizontal.htm</default>
			</parameter>
			<parameter>
				<name>gridheader_horizontal</name>
				<default>newgridheader_h.htm</default>
			</parameter>
			<parameter>
				<name>gridfooter_horizontal</name>
				<default>newgridfooter_h.htm</default>
			</parameter>
			<parameter>
				<name>gridrow_horizontal</name>
				<default>newgridrow_h.htm</default>
			</parameter>
			<parameter>
				<name>gridfieldsheader_horizontal</name>
				<default>newgridfieldsheader_h.htm</default>
			</parameter>
			<parameter>
				<name>gridcolumnheader_horizontal</name>
				<default>newgridcolumnheader_h.htm</default>
			</parameter>
			<parameter>
				<name>gridfieldsfooter_horizontal</name>
				<default>newgridfieldsfooter_h.htm</default>
			</parameter>
			<parameter>
				<name>gridcolumnfooter_horizontal</name>
				<default>newgridcolumnfooter_h.htm</default>
			</parameter>
			<parameter>
				<name>gridfieldsfooter2_horizontal</name>
				<default>newgridfieldsfooter2_h.htm</default>
			</parameter>
			<parameter>
				<name>gridfieldsrow_horizontal</name>
				<default>newgridfieldsrow_h.htm</default>
			</parameter>
			<parameter>
				<name>gridcolumnrow_horizontal</name>
				<default>calcategory_gridcolumnrow_h.htm</default>
			</parameter>
			<parameter>
				<name>vgrid</name>
				<default>newgrid_vertical.htm</default>
			</parameter>
			<parameter>
				<name>gridfieldsrow_vertical</name>
				<default>newgridfieldsrow_v.htm</default>
			</parameter>
			<parameter>
				<name>gridcolumnrow_vertical</name>
				<default>newgridcolumnrow_v.htm</default>
			</parameter>
		</parameters>
	</brick>
	<brick>
		<name>editfields</name>
		<orientation>v</orientation>
		<version>2</version>
		<file>editfieldsnew</file>
		<plexpr></plexpr>
		<xtname></xtname>
		<table>calcategory</table>
		<page>edit</page>
		<parameters>
			<parameter>
				<name>editfield</name>
				<default>calcategory_editfield.htm</default>
			</parameter>
			<parameter>
				<name>edittab</name>
				<default>edittabnew.htm</default>
			</parameter>
			<parameter>
				<name>editsection</name>
				<default>editsectionnew.htm</default>
			</parameter>
		</parameters>
		<alternativeColor>1</alternativeColor>
	</brick>
	<brick>
		<name>viewfields</name>
		<orientation>v</orientation>
		<version>2</version>
		<file>viewfieldsnew</file>
		<plexpr></plexpr>
		<xtname></xtname>
		<wordWrap>true</wordWrap>
		<table>calcategory</table>
		<page>view</page>
		<parameters>
			<parameter>
				<name>viewfield</name>
				<default>calcategory_viewfield.htm</default>
			</parameter>
			<parameter>
				<name>viewtab</name>
				<default>viewtabnew.htm</default>
			</parameter>
			<parameter>
				<name>viewsection</name>
				<default>viewsectionnew.htm</default>
			</parameter>
		</parameters>
	</brick>
	<brick>
		<name>grid</name>
		<orientation></orientation>
		<version>2</version>
		<file>newgrid</file>
		<plexpr></plexpr>
		<xtname>grid_block</xtname>
		<noWrapper>true</noWrapper>
		<wordWrap>true</wordWrap>
		<table>caldaily</table>
		<page>list</page>
		<parameters>
			<parameter>
				<name>columns</name>
				<default>newgrid_vertical5.htm</default>
			</parameter>
			<parameter>
				<name>hgrid</name>
				<default>caldaily_grid_horizontal.htm</default>
			</parameter>
			<parameter>
				<name>gridheader_horizontal</name>
				<default>newgridheader_h.htm</default>
			</parameter>
			<parameter>
				<name>gridfooter_horizontal</name>
				<default>newgridfooter_h.htm</default>
			</parameter>
			<parameter>
				<name>gridrow_horizontal</name>
				<default>caldaily_gridrow_h.htm</default>
			</parameter>
			<parameter>
				<name>gridfieldsheader_horizontal</name>
				<default>newgridfieldsheader_h.htm</default>
			</parameter>
			<parameter>
				<name>gridcolumnheader_horizontal</name>
				<default>newgridcolumnheader_h.htm</default>
			</parameter>
			<parameter>
				<name>gridfieldsfooter_horizontal</name>
				<default>newgridfieldsfooter_h.htm</default>
			</parameter>
			<parameter>
				<name>gridcolumnfooter_horizontal</name>
				<default>newgridcolumnfooter_h.htm</default>
			</parameter>
			<parameter>
				<name>gridfieldsfooter2_horizontal</name>
				<default>newgridfieldsfooter2_h.htm</default>
			</parameter>
			<parameter>
				<name>gridfieldsrow_horizontal</name>
				<default>newgridfieldsrow_h.htm</default>
			</parameter>
			<parameter>
				<name>gridcolumnrow_horizontal</name>
				<default>caldaily_gridcolumnrow_h.htm</default>
			</parameter>
		</parameters>
	</brick>
	<brick>
		<name>recordcontrols_new</name>
		<orientation>h</orientation>
		<file>caldaily_recordcontrols_new</file>
		<plexpr>@TABLE.bAdd || @TABLE.bInlineAdd</plexpr>
		<xtname>newrecord_controls_block</xtname>
		<table>caldaily</table>
		<page>list</page>
	</brick>
	<brick>
		<name>addheader</name>
		<orientation></orientation>
		<file>caldaily_addheader</file>
		<defaultScale>120</defaultScale>
		<plexpr></plexpr>
		<xtname></xtname>
		<table>caldaily</table>
		<page>add</page>
	</brick>
	<brick>
		<name>addfields</name>
		<orientation>v</orientation>
		<version>2</version>
		<file>caldaily_addfields</file>
		<plexpr></plexpr>
		<xtname></xtname>
		<table>caldaily</table>
		<page>add</page>
		<parameters>
			<parameter>
				<name>addfield</name>
				<default>caldaily_addfield.htm</default>
			</parameter>
			<parameter>
				<name>addtab</name>
				<default>addtabnew.htm</default>
			</parameter>
			<parameter>
				<name>addsection</name>
				<default>addsectionnew.htm</default>
			</parameter>
		</parameters>
	</brick>
	<brick>
		<name>addbuttons</name>
		<orientation>v</orientation>
		<file>caldaily_addbuttons</file>
		<plexpr></plexpr>
		<xtname>addbuttons</xtname>
		<table>caldaily</table>
		<page>add</page>
	</brick>
	<brick>
		<name>addfields</name>
		<orientation>v</orientation>
		<version>2</version>
		<file>addfieldsnew</file>
		<plexpr></plexpr>
		<xtname></xtname>
		<table>calcategory</table>
		<page>add</page>
		<parameters>
			<parameter>
				<name>addfield</name>
				<default>calcategory_addfield.htm</default>
			</parameter>
			<parameter>
				<name>addtab</name>
				<default>addtabnew.htm</default>
			</parameter>
			<parameter>
				<name>addsection</name>
				<default>addsectionnew.htm</default>
			</parameter>
		</parameters>
	</brick>	
	<brick>
		<name>editheader</name>
		<orientation></orientation>
		<file>caldaily_editheader</file>
		<plexpr></plexpr>
		<xtname></xtname>
		<defaultScale>120</defaultScale>
		<table>caldaily</table>
		<page>edit</page>
	</brick>
	<brick>
		<name>editbuttons</name>
		<orientation>v</orientation>
		<file>caldaily_editbuttons</file>
		<plexpr></plexpr>
		<xtname></xtname>
		<table>caldaily</table>
		<page>edit</page>
	</brick>
	<brick>
		<name>editfields</name>
		<orientation>v</orientation>
		<version>2</version>
		<file>caldaily_editfields</file>
		<plexpr></plexpr>
		<xtname></xtname>
		<table>caldaily</table>
		<page>edit</page>
		<parameters>
			<parameter>
				<name>editfield</name>
				<default>caldaily_editfield.htm</default>
			</parameter>
			<parameter>
				<name>edittab</name>
				<default>edittabnew.htm</default>
			</parameter>
			<parameter>
				<name>editsection</name>
				<default>editsectionnew.htm</default>
			</parameter>
		</parameters>
		<alternativeColor>1</alternativeColor>
	</brick>
	<brick>
		<name>viewheader</name>
		<orientation></orientation>
		<file>caldaily_viewheader</file>
		<defaultScale>120</defaultScale>
		<plexpr></plexpr>
		<xtname></xtname>
		<table>caldaily</table>
		<page>view</page>
	</brick>
	<brick>
		<name>viewfields</name>
		<orientation>v</orientation>
		<version>1</version>
		<file>caldaily_viewfields</file>
		<plexpr></plexpr>
		<xtname></xtname>
		<noWrapper>true</noWrapper>
		<wordWrap>true</wordWrap>
		<table>caldaily</table>
		<page>view</page>
		<parameters>
			<parameter>
				<name>viewfield</name>
				<default>caldaily_viewfield.htm</default>
			</parameter>
			<parameter>
				<name>viewtab</name>
				<default>viewtab.htm</default>
			</parameter>
			<parameter>
				<name>viewsection</name>
				<default>viewsection.htm</default>
			</parameter>
		</parameters>
		<alternativeColor>1</alternativeColor>
	</brick>
	<brick>
		<name>viewbuttons</name>
		<orientation>v</orientation>
		<file>caldaily_viewbuttons</file>
		<plexpr></plexpr>
		<xtname></xtname>
		<table>caldaily</table>
		<page>view</page>
	</brick>
	<brick>
		<name>viewbuttons</name>
		<orientation>v</orientation>
		<file>calmonthly_viewbuttons</file>
		<plexpr></plexpr>
		<xtname>viewbuttons</xtname>
		<table>calmonthly</table>
		<page>view</page>
	</brick>
	<brick>
		<name>viewbuttons</name>
		<orientation>v</orientation>
		<file>calweekly_viewbuttons</file>
		<plexpr></plexpr>
		<xtname>viewbuttons</xtname>
		<table>calweekly</table>
		<page>view</page>
	</brick>
	<brick>
		<name>calmonthly_list</name>
		<orientation></orientation>
		<file>calmonthly_list</file>
		<plexpr></plexpr>
		<xtname></xtname>
		<table>calmonthly</table>
		<page>list</page>
	</brick>
	<brick>
		<name>calmonthly_nav</name>
		<orientation></orientation>
		<file>calmonthly_nav</file>
		<plexpr></plexpr>
		<xtname></xtname>
		<table>calmonthly</table>
		<page>list</page>
	</brick>
	<brick>
		<name>calmonthly_print</name>
		<orientation></orientation>
		<file>calmonthly_print</file>
		<plexpr></plexpr>
		<xtname></xtname>
		<table>calmonthly</table>
		<page>print</page>
	</brick>
	<brick>
		<name>addheader</name>
		<orientation></orientation>
		<file>calmonthly_addheader</file>
		<defaultScale>120</defaultScale>
		<plexpr></plexpr>
		<xtname>addheader</xtname>
		<table>calmonthly</table>
		<page>add</page>
	</brick>
	<brick>
		<name>addfields</name>
		<orientation>v</orientation>
		<version>2</version>
		<file>calmonthly_addfields</file>
		<plexpr></plexpr>
		<xtname></xtname>
		<table>calmonthly</table>
		<page>add</page>
		<parameters>
			<parameter>
				<name>addfield</name>
				<default>calmonthly_addfield.htm</default>
			</parameter>
			<parameter>
				<name>addtab</name>
				<default>addtabnew.htm</default>
			</parameter>
			<parameter>
				<name>addsection</name>
				<default>addsectionnew.htm</default>
			</parameter>
		</parameters>
		<alternativeColor>1</alternativeColor>
	</brick>
	<brick>
		<name>editheader</name>
		<orientation></orientation>
		<file>calmonthly_editheader</file>
		<defaultScale>120</defaultScale>
		<plexpr></plexpr>
		<xtname>editheader</xtname>
		<table>calmonthly</table>
		<page>edit</page>
	</brick>
	<brick>
		<name>editfields</name>
		<orientation>v</orientation>
		<version>2</version>
		<file>calmonthly_editfields</file>
		<plexpr></plexpr>
		<xtname></xtname>
		<table>calmonthly</table>
		<page>edit</page>
		<parameters>
			<parameter>
				<name>editfield</name>
				<default>calmonthly_editfield.htm</default>
			</parameter>
			<parameter>
				<name>edittab</name>
				<default>edittabnew.htm</default>
			</parameter>
			<parameter>
				<name>editsection</name>
				<default>editsectionnew.htm</default>
			</parameter>
		</parameters>
		<alternativeColor>1</alternativeColor>
	</brick>
	<brick>
		<name>viewheader</name>
		<orientation></orientation>
		<defaultScale>120</defaultScale>
		<file>calmonthly_viewheader</file>
		<plexpr></plexpr>
		<xtname>viewheader</xtname>
		<table>calmonthly</table>
		<page>view</page>
	</brick>
	<brick>
		<name>viewfields</name>
		<orientation>v</orientation>
		<version>1</version>
		<file>calmonthly_viewfields</file>
		<plexpr></plexpr>
		<xtname></xtname>
		<noWrapper>true</noWrapper>
		<wordWrap>true</wordWrap>
		<table>calmonthly</table>
		<page>view</page>
		<parameters>
			<parameter>
				<name>viewfield</name>
				<default>calmonthly_viewfield.htm</default>
			</parameter>
			<parameter>
				<name>viewtab</name>
				<default>viewtab.htm</default>
			</parameter>
			<parameter>
				<name>viewsection</name>
				<default>viewsection.htm</default>
			</parameter>
		</parameters>
		<alternativeColor>1</alternativeColor>
	</brick>
	<brick>
		<name>calweekly_list</name>
		<orientation></orientation>
		<file>calweekly_list</file>
		<plexpr></plexpr>
		<xtname></xtname>
		<table>calweekly</table>
		<page>list</page>
	</brick>
	<brick>
		<name>addheader</name>
		<orientation></orientation>
		<file>calweekly_addheader</file>
		<defaultScale>120</defaultScale>
		<plexpr></plexpr>
		<xtname>addheader</xtname>
		<table>calweekly</table>
		<page>add</page>
	</brick>
	<brick>
		<name>addfields</name>
		<orientation>v</orientation>
		<version>2</version>
		<file>calweekly_addfields</file>
		<plexpr></plexpr>
		<xtname></xtname>
		<table>calweekly</table>
		<page>add</page>
		<parameters>
			<parameter>
				<name>addfield</name>
				<default>calweekly_addfield.htm</default>
			</parameter>
			<parameter>
				<name>addtab</name>
				<default>addtabnew.htm</default>
			</parameter>
			<parameter>
				<name>addsection</name>
				<default>addsectionnew.htm</default>
			</parameter>
		</parameters>
	</brick>
	<brick>
		<name>editheader</name>
		<orientation></orientation>
		<file>calweekly_editheader</file>
		<defaultScale>120</defaultScale>
		<plexpr></plexpr>
		<xtname>editheader</xtname>
		<table>calweekly</table>
		<page>edit</page>
	</brick>
	<brick>
		<name>editfields</name>
		<orientation>v</orientation>
		<version>2</version>
		<file>calweekly_editfields</file>
		<plexpr></plexpr>
		<xtname></xtname>
		<table>calweekly</table>
		<page>edit</page>
		<parameters>
			<parameter>
				<name>editfield</name>
				<default>calweekly_editfield.htm</default>
			</parameter>
			<parameter>
				<name>edittab</name>
				<default>edittabnew.htm</default>
			</parameter>
			<parameter>
				<name>editsection</name>
				<default>editsectionnew.htm</default>
			</parameter>
		</parameters>
		<alternativeColor>1</alternativeColor>
	</brick>
	<brick>
		<name>viewheader</name>
		<orientation></orientation>
		<file>calweekly_viewheader</file>
		<defaultScale>120</defaultScale>
		<plexpr></plexpr>
		<xtname>viewheader</xtname>
		<table>calweekly</table>
		<page>view</page>
	</brick>
	<brick>
		<name>viewfields</name>
		<orientation>v</orientation>
		<version>1</version>
		<file>calweekly_viewfields</file>
		<plexpr></plexpr>
		<xtname></xtname>
		<noWrapper>true</noWrapper>
		<wordWrap>true</wordWrap>
		<table>calweekly</table>
		<page>view</page>
		<parameters>
			<parameter>
				<name>viewfield</name>
				<default>calweekly_viewfield.htm</default>
			</parameter>
			<parameter>
				<name>viewtab</name>
				<default>viewtab.htm</default>
			</parameter>
			<parameter>
				<name>viewsection</name>
				<default>viewsection.htm</default>
			</parameter>
		</parameters>
		<alternativeColor>1</alternativeColor>
	</brick>
	<brick>
		<name>calweekly_print</name>
		<orientation></orientation>
		<file>calweekly_print</file>
		<plexpr></plexpr>
		<xtname></xtname>
		<table>calweekly</table>
		<page>print</page>
	</brick>
	<brick>
		<name>calweekly_nav</name>
		<orientation></orientation>
		<file>calweekly_nav</file>
		<plexpr></plexpr>
		<xtname></xtname>
		<table>calweekly</table>
		<page>list</page>
	</brick>
	<brick>
		<name>calyearly_list</name>
		<orientation></orientation>
		<file>calyearly_list</file>
		<plexpr></plexpr>
		<xtname></xtname>
		<table>calyearly</table>
		<page>list</page>
	</brick>
	<brick>
		<name>calyearly_nav</name>
		<orientation></orientation>
		<file>calyearly_nav</file>
		<plexpr></plexpr>
		<xtname></xtname>
		<table>calyearly</table>
		<page>list</page>
	</brick>
	<brick>
		<name>recordcontrols_new</name>
		<orientation></orientation>
		<file>calcalendar_recordcontrols_new</file>
		<plexpr>@TABLE.bAdd || @TABLE.bInlineAdd</plexpr>
		<xtname>newrecord_controls_block</xtname>
		<table>calcalendar</table>
		<page>list</page>
	</brick>
	<brick>
		<name>editbuttons</name>
		<orientation>v</orientation>
		<file>calmonthly_editbuttons</file>
		<plexpr></plexpr>
		<xtname>editbuttons</xtname>
		<table>calmonthly</table>
		<page>edit</page>
	</brick>
	<brick>
		<name>editbuttons</name>
		<orientation>v</orientation>
		<file>calweekly_editbuttons</file>
		<plexpr></plexpr>
		<xtname>editbuttons</xtname>
		<table>calweekly</table>
		<page>edit</page>
	</brick>
	<brick>
		<name>printgridnext</name>
		<version>2</version>
		<orientation></orientation>
		<file>printgridnext</file>
		<plexpr></plexpr>
		<xtname>grid_block</xtname>
		<noWrapper>true</noWrapper>
		<table>calcalendar</table>
		<page>print</page>
		<parameters>
			<parameter>
				<name>printheader</name>
				<default>printheader.htm</default>
			</parameter>
			<parameter>
				<name>page_of_print</name>
				<default>pagesprint_horizontal.htm</default>
			</parameter>
			<parameter>
				<name>hprintgrid</name>
				<default>newprintgrid_horizontal.htm</default>
			</parameter>
			<parameter>
				<name>printgridheader_h</name>
				<default>newprintgridheader_horizontal.htm</default>
			</parameter>
			<parameter>
				<name>printgridfieldsheader_h</name>
				<default>printgridfieldsheader_horizontal.htm</default>
			</parameter>
			<parameter>
				<name>printgridfieldheader_h</name>
				<default>printgridfieldheader_horizontal.htm</default>
			</parameter>
			<parameter>
				<name>printgridrow_h</name>
				<default>newprintgridrow_horizontal.htm</default>
			</parameter>
			<parameter>
				<name>printgridfields_h</name>
				<default>printgridfields_horizontal.htm</default>
			</parameter>
			<parameter>
				<name>printgridfield_h</name>
				<default>calcalendar_printgridfield_horizontal.htm</default>
			</parameter>
			<parameter>
				<name>printgridfooter_h</name>
				<default>newprintgridfooter_horizontal.htm</default>
			</parameter>			
			<parameter>
				<name>printgridfieldsfooter_h</name>
				<default>printgridfieldsfooter_horizontal.htm</default>
			</parameter>			
			<parameter>
				<name>printgridfieldsfooter2_h</name>
				<default>printgridfieldsfooter2_horizontal.htm</default>
			</parameter>			
			<parameter>
				<name>printgridfieldfooter_h</name>
				<default>printgridfieldfooter_horizontal.htm</default>
			</parameter>	
			<parameter>
				<name>vprintgrid</name>
				<default>newprintgrid_vertical.htm</default>
			</parameter>	
			<parameter>
				<name>printgridfields_v</name>
				<default>printgridfields_vertical.htm</default>
			</parameter>
			<parameter>
				<name>columns</name>
				<default>newprintgrid_vertical5.htm</default>
			</parameter>
			<parameter>
				<name>printgridfield_v</name>
				<default>newprintgridfield_vertical.htm</default>
			</parameter>
		</parameters>
	</brick>
	<brick>
		<name>printgridnext</name>
		<version>2</version>
		<orientation></orientation>
		<file>printgridnext</file>
		<plexpr></plexpr>
		<xtname>grid_block</xtname>
		<noWrapper>true</noWrapper>
		<table>caldaily</table>
		<page>print</page>
		<parameters>
			<parameter>
				<name>printheader</name>
				<default>printheader.htm</default>
			</parameter>
			<parameter>
				<name>page_of_print</name>
				<default>pagesprint_horizontal.htm</default>
			</parameter>
			<parameter>
				<name>hprintgrid</name>
				<default>newprintgrid_horizontal.htm</default>
			</parameter>
			<parameter>
				<name>printgridheader_h</name>
				<default>newprintgridheader_horizontal.htm</default>
			</parameter>
			<parameter>
				<name>printgridfieldsheader_h</name>
				<default>printgridfieldsheader_horizontal.htm</default>
			</parameter>
			<parameter>
				<name>printgridfieldheader_h</name>
				<default>printgridfieldheader_horizontal.htm</default>
			</parameter>
			<parameter>
				<name>printgridrow_h</name>
				<default>newprintgridrow_horizontal.htm</default>
			</parameter>
			<parameter>
				<name>printgridfields_h</name>
				<default>printgridfields_horizontal.htm</default>
			</parameter>
			<parameter>
				<name>printgridfield_h</name>
				<default>caldaily_printgridfield_horizontal.htm</default>
			</parameter>
			<parameter>
				<name>printgridfooter_h</name>
				<default>newprintgridfooter_horizontal.htm</default>
			</parameter>			
			<parameter>
				<name>printgridfieldsfooter_h</name>
				<default>printgridfieldsfooter_horizontal.htm</default>
			</parameter>			
			<parameter>
				<name>printgridfieldsfooter2_h</name>
				<default>printgridfieldsfooter2_horizontal.htm</default>
			</parameter>			
			<parameter>
				<name>printgridfieldfooter_h</name>
				<default>printgridfieldfooter_horizontal.htm</default>
			</parameter>	
			<parameter>
				<name>vprintgrid</name>
				<default>newprintgrid_vertical.htm</default>
			</parameter>	
			<parameter>
				<name>printgridfields_v</name>
				<default>printgridfields_vertical.htm</default>
			</parameter>
			<parameter>
				<name>columns</name>
				<default>newprintgrid_vertical5.htm</default>
			</parameter>
			<parameter>
				<name>printgridfield_v</name>
				<default>newprintgridfield_vertical.htm</default>
			</parameter>
		</parameters>
	</brick>
	
	<brick>
		<name>printgridnext</name>
		<version>2</version>
		<orientation></orientation>
		<file>printgridnext</file>
		<plexpr></plexpr>
		<xtname>grid_block</xtname>
		<table>calcategory</table>
		<noWrapper>true</noWrapper>
		<parameters>
			<parameter>
				<name>printheader</name>
				<default>printheader.htm</default>
			</parameter>
			<parameter>
				<name>page_of_print</name>
				<default>pagesprint_horizontal.htm</default>
			</parameter>
			<parameter>
				<name>hprintgrid</name>
				<default>newprintgrid_horizontal.htm</default>
			</parameter>
			<parameter>
				<name>printgridheader_h</name>
				<default>newprintgridheader_horizontal.htm</default>
			</parameter>
			<parameter>
				<name>printgridfieldsheader_h</name>
				<default>printgridfieldsheader_horizontal.htm</default>
			</parameter>
			<parameter>
				<name>printgridfieldheader_h</name>
				<default>printgridfieldheader_horizontal.htm</default>
			</parameter>
			<parameter>
				<name>printgridrow_h</name>
				<default>newprintgridrow_horizontal.htm</default>
			</parameter>
			<parameter>
				<name>printgridfields_h</name>
				<default>printgridfields_horizontal.htm</default>
			</parameter>
			<parameter>
				<name>printgridfield_h</name>
				<default>calcategory_printgridfield_horizontal.htm</default>
			</parameter>
			<parameter>
				<name>printgridfooter_h</name>
				<default>newprintgridfooter_horizontal.htm</default>
			</parameter>			
			<parameter>
				<name>printgridfieldsfooter_h</name>
				<default>printgridfieldsfooter_horizontal.htm</default>
			</parameter>			
			<parameter>
				<name>printgridfieldsfooter2_h</name>
				<default>printgridfieldsfooter2_horizontal.htm</default>
			</parameter>			
			<parameter>
				<name>printgridfieldfooter_h</name>
				<default>printgridfieldfooter_horizontal.htm</default>
			</parameter>	
			<parameter>
				<name>vprintgrid</name>
				<default>newprintgrid_vertical.htm</default>
			</parameter>	
			<parameter>
				<name>printgridfields_v</name>
				<default>printgridfields_vertical.htm</default>
			</parameter>
			<parameter>
				<name>columns</name>
				<default>newprintgrid_vertical5.htm</default>
			</parameter>
			<parameter>
				<name>printgridfield_v</name>
				<default>newprintgridfield_vertical.htm</default>
			</parameter>
		</parameters>
	</brick>
	<brick>
		<name>eventdailylist</name>
		<orientation>h</orientation>
		<file>eventdailylist</file>
		<plexpr></plexpr>
		<xtname></xtname>
		<table>caldaily</table>
		<page>list</page>
	</brick>
	<brick>
		<name>caldaily_nav</name>
		<orientation></orientation>
		<file>caldaily_nav</file>
		<plexpr></plexpr>
		<xtname></xtname>
		<table>caldaily</table>
		<page>list</page>
	</brick>
	<brick>
		<name>loggedas</name>
		<orientation>h</orientation>
		<file>calmonthly_login_horizontal</file>
		<plexpr>@BUILDER.bCreateLoginPage</plexpr>
		<xtname>security_block</xtname>
		<table>calmonthly</table>
		<page>list</page>
	</brick>
	<brick>
		<name>loggedas</name>
		<orientation>h</orientation>
		<file>calweekly_login_horizontal</file>
		<plexpr>@BUILDER.bCreateLoginPage</plexpr>
		<xtname>security_block</xtname>
		<table>calweekly</table>
		<page>list</page>
	</brick>
	<brick>
		<name>loggedas</name>
		<orientation>h</orientation>
		<file>calyearly_login_horizontal</file>
		<plexpr>@BUILDER.bCreateLoginPage</plexpr>
		<xtname>security_block</xtname>
		<table>calyearly</table>
		<page>list</page>
	</brick>
	<brick>
		<name>loggedas</name>
		<orientation>h</orientation>
		<file>caldaily_login_horizontal</file>
		<plexpr>@BUILDER.bCreateLoginPage</plexpr>
		<xtname>security_block</xtname>
		<table>caldaily</table>
		<page>list</page>
	</brick>
	<brick>
		<name>toplinks_hidden</name>
		<function>toplinks</function>
		<orientation>h</orientation>
		<file>caltoplinks_hidden</file>
		<plexpr></plexpr>
		<xtname>more_list</xtname>
		<table>calmonthly</table>
		<page>list</page>
	</brick>
	<brick>
		<name>toplinks_hidden</name>
		<function>toplinks</function>
		<orientation>h</orientation>
		<file>caltoplinks_hidden</file>
		<plexpr></plexpr>
		<xtname>more_list</xtname>
		<table>calweekly</table>
		<page>list</page>
	</brick>
	<brick>
		<name>toplinks_hidden</name>
		<function>toplinks</function>
		<orientation>h</orientation>
		<file>caldailytoplinks_hidden</file>
		<plexpr></plexpr>
		<xtname>more_list</xtname>
		<table>caldaily</table>
		<page>list</page>
	</brick>
</root>
